No,CSO Name,ImageURL,Website,More_info,WADMKK,WADMPR,type,Context,Advocacy,Coastal Waste Management,Education,Institutional Strengthening and Human Resource Capacity Building,Mangrove Ecotourism,Mangrove Rehabilitation or Restoration,Research,Strengthening Regulations,Sustainable Aquaculture
1,A Tree For You,https://kiprahagroforestri.id/wp-content/uploads/2025/11/ATFYOU.png,https://www.atreeforyou.org/en/bali-pejarakan-restoring-mangroves/,https://www.atreeforyou.org/en/bali-pejarakan-restoring-mangroves/,Badung,Bali,Kabupaten,Pejarakan Mangrove Restoration,,✓,,,,✓,,,
2,Alam Lestari Indonesia,https://kiprahagroforestri.id/wp-content/uploads/2025/11/ALAMLESTARI.png,https://www.alamlestari.org/?page_id=216,https://www.alamlestari.org/?page_id=216,Bone,Sulawesi Selatan,Kabupaten,Mangrove Adoption Program,✓,,✓,,,✓,,,
3,Blue Forest (Yayasan Hutan Biru),https://kiprahagroforestri.id/wp-content/uploads/2025/11/Blueforest.png,https://blue-forests.org/id/,https://kolomrakyat.com/yayasan-hutan-biru-perkuat-pengelolaan-mangrove-kolaboratif-di-muna-dan-muna-barat/,Muna,Sulawesi Tenggara,Kabupaten,Integrated Adaptive Collaborative Mangrove Management,,,✓,✓,,✓,,✓,✓
4,Blue Forest (Yayasan Hutan Biru),https://kiprahagroforestri.id/wp-content/uploads/2025/11/Blueforest.png,https://blue-forests.org/id/,https://kolomrakyat.com/yayasan-hutan-biru-perkuat-pengelolaan-mangrove-kolaboratif-di-muna-dan-muna-barat/,Muna Barat,Sulawesi Tenggara,Kabupaten,Integrated Adaptive Collaborative Mangrove Management,,,✓,✓,,✓,,✓,✓
5,Blue Forest (Yayasan Hutan Biru),https://kiprahagroforestri.id/wp-content/uploads/2025/11/Blueforest.png,https://blue-forests.org/id/,https://blue-forests.org/id/dari-kebun-tenggelam-tumbuh-harapan-baru-pembelajaran-rehabilitasi-mangrove-dari-indragiri-hilir/ruang-berita/cerita-dari-lapangan/,Indragiri Hilir,Riau,Kabupaten,"Protecting Mangroves, Strengthening KKD Indragiri Hilir",,,,✓,,✓,✓,✓,
6,Blue Forest (Yayasan Hutan Biru),https://kiprahagroforestri.id/wp-content/uploads/2025/11/Blueforest.png,https://blue-forests.org/id/,https://unhas.tv/blue-forest-di-tanakeke-menjaga-laut-menyelamatkan-darat/1,Takalar,Sulawesi Selatan,Kabupaten,Blue Forest Tanakeke Conservation,,,,✓,,✓,,,✓
7,Blue Forest (Yayasan Hutan Biru),https://kiprahagroforestri.id/wp-content/uploads/2025/11/Blueforest.png,https://blue-forests.org/id/,https://blog.blueventures.org/en/coming-together-to-protect-the-mangroves-of-sembilang-western-indonesias-largest-blue-forest/,Banyuasin,Sumatera Selatan,Kabupaten,Sembilang Mangrove Protection Initiative,✓,,,✓,,✓,,,
8,CIFOR-ICRAF,https://kiprahagroforestri.id/wp-content/uploads/2025/11/cifor_icraf.jpg,https://www.cifor-icraf.org/,https://www.cifor-icraf.org/project/solusi/,Belitung,Kepulauan Bangka Belitung,Kabupaten,SOLUSI (Solusi Pengelolaan Lanskap Darat dan Laut Terpadu di Indonesia),✓,,✓,✓,,,✓,✓,
9,CIFOR-ICRAF,https://kiprahagroforestri.id/wp-content/uploads/2025/11/cifor_icraf.jpg,https://www.cifor-icraf.org/,https://www.cifor-icraf.org/project/solusi/,Belitung Timur,Kepulauan Bangka Belitung,Kabupaten,SOLUSI (Solusi Pengelolaan Lanskap Darat dan Laut Terpadu di Indonesia),✓,,✓,✓,,,✓,✓,
10,CIFOR-ICRAF,https://kiprahagroforestri.id/wp-content/uploads/2025/11/cifor_icraf.jpg,https://www.cifor-icraf.org/,https://www.cifor-icraf.org/project/solusi/,Donggala,Sulawesi Tengah,Kabupaten,SOLUSI (Solusi Pengelolaan Lanskap Darat dan Laut Terpadu di Indonesia),✓,,✓,✓,,,✓,✓,
11,CIFOR-ICRAF,https://kiprahagroforestri.id/wp-content/uploads/2025/11/cifor_icraf.jpg,https://www.cifor-icraf.org/,https://www.cifor-icraf.org/project/solusi/,Kota Palu,Sulawesi Tengah,Kota,SOLUSI (Solusi Pengelolaan Lanskap Darat dan Laut Terpadu di Indonesia),✓,,✓,✓,,,✓,✓,
12,CIFOR-ICRAF,https://kiprahagroforestri.id/wp-content/uploads/2025/11/cifor_icraf.jpg,https://www.cifor-icraf.org/,https://www.cifor-icraf.org/project/solusi/,Parigi Moutong,Sulawesi Tengah,Kabupaten,SOLUSI (Solusi Pengelolaan Lanskap Darat dan Laut Terpadu di Indonesia),✓,,✓,✓,,,✓,✓,
13,CIFOR-ICRAF,https://kiprahagroforestri.id/wp-content/uploads/2025/11/cifor_icraf.jpg,https://www.cifor-icraf.org/,https://www.cifor-icraf.org/project/solusi/,Kota Palu,Sulawesi Tengah,Kabupaten,SOLUSI (Solusi Pengelolaan Lanskap Darat dan Laut Terpadu di Indonesia),✓,,✓,✓,,,✓,✓,
14,CIFOR-ICRAF,https://kiprahagroforestri.id/wp-content/uploads/2025/11/cifor_icraf.jpg,https://www.cifor-icraf.org/,https://www.cifor-icraf.org/project/solusi/,Cilacap,Jawa Tengah,Kabupaten,SOLUSI (Solusi Pengelolaan Lanskap Darat dan Laut Terpadu di Indonesia),✓,,✓,✓,,,✓,✓,
15,CIFOR-ICRAF,https://kiprahagroforestri.id/wp-content/uploads/2025/11/cifor_icraf.jpg,https://www.cifor-icraf.org/,https://www.cifor-icraf.org/project/solusi/,Kebumen,Jawa Tengah,Kabupaten,SOLUSI (Solusi Pengelolaan Lanskap Darat dan Laut Terpadu di Indonesia),✓,,✓,✓,,,✓,✓,
16,Coral Triangle Center,https://kiprahagroforestri.id/wp-content/uploads/2025/11/cti.png,https://www.coraltrianglecenter.org/,https://www.coraltrianglecenter.org/adopt-a-mangrove/,Klungkung,Bali,Kabupaten,Nusa Penida Mangrove Adoption Program,,,✓,,,✓,,,
17,Ecoton Foundation,https://kiprahagroforestri.id/wp-content/uploads/2025/11/ecoton.png,https://ecoton.or.id/,https://ecoton.or.id/lindungi-mangrove-dari-jeratan-sampah-plastik-pantai-timur-surabaya-butuh-pagar-laut/,Kota Surabaya,Jawa Timur,Kota,Coastal Action Program East Surabaya,✓,✓,,,,✓,,,
18,Forkani,https://kiprahagroforestri.id/wp-content/uploads/2025/11/Forkani.png,https://forkani.org/,https://forkani.org/harmoni-alam-dan-upaya-rehabilitasi-mangrove-di-desa-sombano-kadie-la-olua/,Wakatobi,Sulawesi Tenggara,Kabupaten,Sombano Kadie La Olua Mangrove Restoration,,,✓,✓,,✓,,,
19,Gemawan,https://kiprahagroforestri.id/wp-content/uploads/2025/11/GEMAWAN.png,https://gemawan.org/?s=mangrove,"https://gemawan.org/borneo-mangrove-action-bakau-kecil-untuk-sabuk-hijau-borneo/; 
https://gemawan.org/mangrove-mempawah-dinamika-luasan-benteng-pesisir-borneo/",Mempawah,Kalimantan Barat,Kabupaten,Borneo Mangrove Action & Mempawah Mangrove Dynamics Research,✓,,,✓,,✓,✓,,
20,Global Green Growth Institute (GGGI),https://kiprahagroforestri.id/wp-content/uploads/2025/11/gggi.png,https://gggi.org/?s=mangrove,https://gggi.org/project/the-ecosystem-based-approach-nature-based-solutions-for-climate-smart-livelihoods-in-mangrove-landscapes-nasclim-indonesia/,Bulungan,Kalimantan Utara,Kabupaten,The Ecosystem-based Approach/Nature Based Solutions for Climate Smart Livelihoods in Mangrove Landscapes (NASCLIM),✓,,✓,✓,,✓,✓,✓,✓
21,Global Green Growth Institute (GGGI),https://kiprahagroforestri.id/wp-content/uploads/2025/11/gggi.png,https://gggi.org/?s=mangrove,https://gggi.org/project/the-ecosystem-based-approach-nature-based-solutions-for-climate-smart-livelihoods-in-mangrove-landscapes-nasclim-indonesia/,Kutai Kartanegara,Kalimantan Timur,Kabupaten,The Ecosystem-based Approach/Nature Based Solutions for Climate Smart Livelihoods in Mangrove Landscapes (NASCLIM),✓,,✓,✓,,✓,✓,✓,✓
22,Green Molucccas (Yayasan Kamboti),https://kiprahagroforestri.id/wp-content/uploads/2025/11/green_moluccas.jpg,https://greenmoluccas.id/,https://greenmoluccas.id/mangroove-adoption/,Kota Ambon,Maluku,Kota,Maluku Mangrove Adoption Program,✓,,,,,✓,,,
23,Japesda,https://kiprahagroforestri.id/wp-content/uploads/2025/11/japesda.jpg,https://japesda.or.id/,https://blog.blueventures.org/en/nurain-lapolo-women-are-on-the-frontlines-of-this-fight-on-climate-breakdown/,Pohuwato,Gorontalo,Kabupaten,Women on Frontlines of Climate Action,✓,,,✓,,✓,,,
24,KKI - Warsi,https://kiprahagroforestri.id/wp-content/uploads/2025/11/kki_warsi.png,https://warsi.or.id/,https://warsi.or.id/id/kolaborasi-multipihak-untuk-aksi-rehabilitasi-ekosistem-mangrove-di-provinsi-bengkulu/,Bengkulu,Bengkulu,Kota,Multi-stakeholder Mangrove Rehabilitation Bengkulu,,,,✓,,✓,✓,,
25,KKI - Warsi,https://kiprahagroforestri.id/wp-content/uploads/2025/11/kki_warsi.png,https://warsi.or.id/,https://warsi.or.id/id/kolaborasi-multipihak-untuk-aksi-rehabilitasi-ekosistem-mangrove-di-provinsi-bengkulu/,Seluma,Bengkulu,Kabupaten,Multi-stakeholder Mangrove Rehabilitation Bengkulu,,,,✓,,✓,✓,,
26,KKI - Warsi,https://kiprahagroforestri.id/wp-content/uploads/2025/11/kki_warsi.png,https://warsi.or.id/,https://warsi.or.id/id/kolaborasi-multipihak-untuk-aksi-rehabilitasi-ekosistem-mangrove-di-provinsi-bengkulu/,Muko Muko,Bengkulu,Kabupaten,Multi-stakeholder Mangrove Rehabilitation Bengkulu,,,,✓,,✓,✓,,
27,KKI - Warsi,https://kiprahagroforestri.id/wp-content/uploads/2025/11/kki_warsi.png,https://warsi.or.id/,https://warsi.or.id/id/kolaborasi-multipihak-untuk-aksi-rehabilitasi-ekosistem-mangrove-di-provinsi-bengkulu/,Bengkulu Utara,Bengkulu,Kabupaten,Multi-stakeholder Mangrove Rehabilitation Bengkulu,,,,✓,,✓,✓,,
28,KKI - Warsi,https://kiprahagroforestri.id/wp-content/uploads/2025/11/kki_warsi.png,https://warsi.or.id/,https://warsi.or.id/id/kth-bakau-lestari-petik-rupiah-dari-menanam-mangrove/,Tanjung Jabung Barat,Jambi,Kabupaten,KTH Bakau Lestari Economic Program,,,,✓,,✓,,,✓
29,KKI - Warsi,https://kiprahagroforestri.id/wp-content/uploads/2025/11/kki_warsi.png,https://warsi.or.id/,https://warsi.or.id/id/menumbuhkan-hutan-memulihkan-ekologi/,Kota Jambi,Jambi,Kota,"Growing Forests, Restoring Ecology",,,✓,✓,,✓,,,
30,Konservasi Indonesia,https://kiprahagroforestri.id/wp-content/uploads/2025/11/KI.png,https://konservasi-id.org/,https://konservasi-id.org/buku-ekowisata-mangrove-andamata-ulas-peran-masyarakat-adat-fakfak-jaga-ekonomi-biru/,Fak Fak,Papua Barat,Kabupaten,Andamata Mangrove Ecotourism Book,,,✓,✓,✓,,,,
31,Konservasi Indonesia,https://kiprahagroforestri.id/wp-content/uploads/2025/11/KI.png,https://konservasi-id.org/,https://sumut.idntimes.com/news/sumatera-utara/ki-tanam-103-ribu-bibit-demi-pemulihan-ekosistem-mangrove-sawo-lahewa-00-hz1ln-9rtwr2,Nias Utara,Sumatera Utara,Kabupaten,Sawo Lahewa Mangrove Ecosystem Recovery,,,,✓,,✓,,,
32,Konservasi Indonesia,https://kiprahagroforestri.id/wp-content/uploads/2025/11/KI.png,https://konservasi-id.org/,https://konservasi-id.org/pemerintah-provinsi-sumatra-utara-siap-kembangkan-kawasan-konservasi-perairan-bersama-konservasi-indonesia/,Nias Utara,Sumatera Utara,Kabupaten,North Sumatra Marine Conservation Area Development,,,,✓,,✓,,✓,
33,Konservasi Indonesia,https://kiprahagroforestri.id/wp-content/uploads/2025/11/KI.png,https://konservasi-id.org/,https://konservasi-id.org/budi-daya-udang-berkelanjutan-lebih-dari-sekadar-teknologi-pengolahan-limbah/,Banyuwangi,Jawa Timur,Kabupaten,Climate Smart Shrimp Aquaculture (CSSA),,✓,✓,,,,,,✓
34,Konservasi Indonesia,https://kiprahagroforestri.id/wp-content/uploads/2025/11/KI.png,https://konservasi-id.org/,https://konservasi-id.org/panen-perdana-tambak-udang-ramah-iklim-pertama-di-asia-capai-lebih-dari-50-ton/,Donggala,Sulawesi Tengah,Kabupaten,Asia's First Climate-Resilient Shrimp Farm,,,,✓,,✓,✓,,✓
35,Moluccas Coastal Care (MCC),https://kiprahagroforestri.id/wp-content/uploads/2025/11/KI.png,https://moluccascoastalcare.com/,"https://moluccascoastalcare.com/project/; 
https://www.goodnewsfromindonesia.id/2025/09/20/stefani-teria-salhuteru-dan-moluccas-coastal-care-jaga-pesisir-maluku",Kota Ambon,Maluku,Kota,Moluccas Coastal Conservation,✓,✓,✓,✓,,✓,,,
36,Moluccas Coastal Care (MCC),https://kiprahagroforestri.id/wp-content/uploads/2025/11/MCC.png,https://moluccascoastalcare.com/,"https://moluccascoastalcare.com/project/; 
https://www.goodnewsfromindonesia.id/2025/09/20/stefani-teria-salhuteru-dan-moluccas-coastal-care-jaga-pesisir-maluku",Kota Banda Aceh,Aceh,Kabupaten,Moluccas Coastal Conservation,✓,✓,✓,✓,,✓,,,
37,NABU (The Nature And Biodiversity Conservation Union),https://kiprahagroforestri.id/wp-content/uploads/2025/11/NABU.png,https://en.nabu.de/topics/ecosystems/mangrove-conservation-sulawesi/index.html,https://en.nabu.de/topics/ecosystems/mangrove-conservation-sulawesi/index.html,Pohuwato,Gorontalo,Kabupaten,Sulawesi Mangrove Conservation,,,✓,✓,,✓,,,
38,Planet Indonesia,https://kiprahagroforestri.id/wp-content/uploads/2025/11/Planet_Inonesia.png,https://www.planetindonesia.org/,https://www.planetindonesia.org/news/2023/8/7/how-planet-indonesia-is-protecting-nature-restoring-forests-and-improving-lives,Kubu Raya,Kalimantan Barat,Kabupaten,"Protecting Nature, Restoring Forests, Improving Lives",,,✓,✓,,✓,✓,,✓
39,Planete Urgence,https://kiprahagroforestri.id/wp-content/uploads/2025/11/planeteUrgence.png,https://planete-urgence.org/en/our-national-delegations/indonesia/,https://planete-urgence.org/id/ekosistem-mangrove-dan-konservasi-badak-jawa/,Pandeglang,Banten,Kabupaten,Mangrove Ecosystem and Javan Rhino Conservation,,,✓,✓,,✓,,,
40,Planete Urgence,https://kiprahagroforestri.id/wp-content/uploads/2025/11/REFOREST.jpg,https://planete-urgence.org/en/our-national-delegations/indonesia/,https://planete-urgence.org/id/reforestasi-hutan-mangrove-dan-pembangunan-lokal/,Paser,Kalimantan Timur,Kabupaten,Mangrove Reforestation and Local Development,,,✓,✓,,✓,,,✓
41,Planete Urgence,https://kiprahagroforestri.id/wp-content/uploads/2025/11/REFOREST.jpg,https://planete-urgence.org/en/our-national-delegations/indonesia/,https://planete-urgence.org/id/reforestasi-hutan-mangrove-dan-pembangunan-lokal/,Kutai Kartanegara,Kalimantan Timur,Kabupaten,Mangrove Reforestation and Local Development,,,✓,✓,,✓,,,✓
42,Reforest'Action,https://kiprahagroforestri.id/wp-content/uploads/2025/11/REFOREST.jpg,https://www.reforestaction.com/en/magazine/aceh-sumatra-local-communities-restoring-mangrove,https://www.reforestaction.com/en/magazine/aceh-sumatra-local-communities-restoring-mangrove,Aceh Timur,Aceh,Kabupaten,Sumatra Local Communities Mangrove Restoration,,,,✓,,✓,,,
43,Reforest'Action,https://kiprahagroforestri.id/wp-content/uploads/2025/11/REFOREST.jpg,https://www.reforestaction.com/en/magazine/aceh-sumatra-local-communities-restoring-mangrove,https://www.reforestaction.com/en/magazine/aceh-sumatra-local-communities-restoring-mangrove,Kota Langsa,Aceh,Kota,Sumatra Local Communities Mangrove Restoration,,,,✓,,✓,,,
44,Reforest'Action,https://kiprahagroforestri.id/wp-content/uploads/2025/11/REFOREST.jpg,https://www.reforestaction.com/en/magazine/aceh-sumatra-local-communities-restoring-mangrove,https://www.reforestaction.com/en/magazine/aceh-sumatra-local-communities-restoring-mangrove,Langkat,Sumatera Utara,Kabupaten,Sumatra Local Communities Mangrove Restoration,,,,✓,,✓,,,
45,Rekam Nusantara Foundation,https://kiprahagroforestri.id/wp-content/uploads/2025/11/LOGO_REKAM_NUSANTARA.png,https://rekam.org/en/home,https://www.brin.go.id/news/124416/brin-yayasan-rekam-jejak-alam-nusantara-perkuat-riset-konservasi-dan-rehabilitasi-mangrove,Demak,Jawa Tengah,Kabupaten,BRIN Partnership on Mangrove Conservation,,,,,,✓,✓,✓,
46,Rekam Nusantara Foundation,https://kiprahagroforestri.id/wp-content/uploads/2025/11/LOGO_REKAM_NUSANTARA.png,https://rekam.org/en/home,https://www.brin.go.id/news/124416/brin-yayasan-rekam-jejak-alam-nusantara-perkuat-riset-konservasi-dan-rehabilitasi-mangrove,Cilacap,Jawa Tengah,Kabupaten,BRIN Partnership on Mangrove Conservation,,,,,,✓,✓,✓,
47,Rekam Nusantara Foundation,https://kiprahagroforestri.id/wp-content/uploads/2025/11/LOGO_REKAM_NUSANTARA.png,https://rekam.org/en/home,https://www.brin.go.id/news/124416/brin-yayasan-rekam-jejak-alam-nusantara-perkuat-riset-konservasi-dan-rehabilitasi-mangrove,Jepara,Jawa Tengah,Kabupaten,BRIN Partnership on Mangrove Conservation,,,,,,✓,✓,✓,
48,Seacrest Indonesia (SCI),https://kiprahagroforestri.id/wp-content/uploads/2025/11/Seacrest.png,https://seacrestindonesia.org/,https://kupang.tribunnews.com/2024/12/05/seacrest-indonesia-dorong-pemerintah-desa-di-raijua-berperan-dalam-penjagaan-ekosistem-mangrove,Sabu Raijua,Nusa Tenggara Timur,Kabupaten,Raijua Village Mangrove Ecosystem Protection,,,,✓,,✓,,✓,
49,Sungai Watch,https://kiprahagroforestri.id/wp-content/uploads/2025/11/Sungai_Watch.png,https://sungai.watch/,https://lintasbali.com/international-mangrove-day-pln-ip-ubp-bali-gelar-aksi-bersih-mangrove-bersama-sungai-watch/,Kota Denpasar,Bali,Kota,International Mangrove Day Cleanup Action,,✓,,,,,,,
50,Wahana Visi Indonesia,https://kiprahagroforestri.id/wp-content/uploads/2025/11/wahanavisi.png,https://wahanavisi.org/id/search/submit_search?find=mangrove,https://wahanavisi.org/id/search/submit_search?find=mangrove,Kota Surabaya,Jawa Timur,Kota,MARVEL - Mangrove Adaptive and Resilient Village,,,✓,✓,,✓,,,
51,Wahana Visi Indonesia,https://kiprahagroforestri.id/wp-content/uploads/2025/11/wahanavisi.png,https://wahanavisi.org/id/search/submit_search?find=mangrove,https://wahanavisi.org/userfiles/post/24112267403BA639AB8_LGID.pdf,Kota Surabaya,Jawa Timur,Kota,MARVEL - Mangrove Adaptive and Resilient Village,,,✓,✓,,✓,,,
52,WALHI,https://kiprahagroforestri.id/wp-content/uploads/2025/11/WALHI.png,https://www.walhi.or.id/,https://walhijogja.or.id/wahana-lingkungan-hidup-indonesia-yogyakarta-bersama-sejumlah-elemen-melakukan-Penanaman-mangrove-di-pantai-baros/,Bantul,Daerah Istimewa Yogyakarta,Kota,Baros Beach Mangrove Planting,,,,✓,,✓,,,
53,WALHI,https://kiprahagroforestri.id/wp-content/uploads/2025/11/WALHI.png,https://www.walhi.or.id/,https://www.rmollampung.id/walhi-dan-mahusa-unila-tambah-1000-pohon-mangrove-di-pesisir-bandar-lampung,Kota Bandar Lampung,Lampung,Kota,Bandar Lampung Coastal Mangrove Program,,,✓,✓,,✓,,,
54,Waste4Change,https://kiprahagroforestri.id/wp-content/uploads/2025/11/w4change.png,https://waste4change.com/,https://marketing.co.id/yayasan-wings-peduli-laksanakan-aksi-bersih-sungai-wonorejo-bersama-waste4change/; https://www.idntimes.com/news/indonesia/aksi-bersih-mandiri-02-hs754-w1hckl,Kota Surabaya,Jawa Timur,Kota,Wonorejo River Cleanup Action,,✓,,,,,,,
55,Wetlands International Indonesia,https://kiprahagroforestri.id/wp-content/uploads/2025/11/Wetlands.jpg,http://indonesia.wetlands.org/,https://indonesia.wetlands.org/id/blog/the-ecosystem-based-approach-nature-based-solutions-for-climate-smart-livelihoods-in-mangrove-landscapes-nasclim-indonesianasclim/,Bulungan,Kalimantan Utara,Kabupaten,The Ecosystem-based Approach/Nature Based Solutions for Climate Smart Livelihoods in Mangrove Landscapes (NASCLIM),✓,,✓,✓,,✓,✓,✓,✓
56,Wetlands International Indonesia,https://kiprahagroforestri.id/wp-content/uploads/2025/11/Wetlands.jpg,http://indonesia.wetlands.org/,https://indonesia.wetlands.org/id/blog/the-ecosystem-based-approach-nature-based-solutions-for-climate-smart-livelihoods-in-mangrove-landscapes-nasclim-indonesianasclim/,Kutai Kartanegara,Kalimantan Timur,Kabupaten,The Ecosystem-based Approach/Nature Based Solutions for Climate Smart Livelihoods in Mangrove Landscapes (NASCLIM),✓,,✓,✓,,✓,✓,✓,✓
57,WRI Indonesia,https://kiprahagroforestri.id/wp-content/uploads/2025/11/WRI_Indonesia.png,https://wri-indonesia.org/id,https://mangrovetag.com/2023/11/01/hapus-jejak-emisi-karbon-di-bumi-mangrove-tag-lakukan-pendampingan-penanaman-dan-pemantauan-20-000-bibit-mangrove-kepada-wri-indonesia-di-smc-jateng/,Semarang,Jawa Tengah,Kota,Mangrove TAG Carbon Monitoring Program,,,,✓,,✓,✓,,
58,WRI Indonesia,https://kiprahagroforestri.id/wp-content/uploads/2025/11/WRI_Indonesia.png,https://wri-indonesia.org/id,https://wri-indonesia.org/en/initiatives/conserving-ridge-reef-southwest-papua,Raja Ampat,Papua Barat Daya,Kabupaten,Conserving Ridge to Reef in Southwest Papua,✓,,✓,✓,,✓,✓,,
59,WRI Indonesia,https://kiprahagroforestri.id/wp-content/uploads/2025/11/WRI_Indonesia.png,https://wri-indonesia.org/id,https://wri-indonesia.org/en/initiatives/conserving-ridge-reef-southwest-papua,Sorong,Papua Barat Daya,Kabupaten,Conserving Ridge to Reef in Southwest Papua,✓,,✓,✓,,✓,✓,,
60,Yayasan Aceh Ocean Coral,https://kiprahagroforestri.id/wp-content/uploads/2025/11/AOC.png,https://acehoceancoral.org/,https://aceh.tribunnews.com/2025/06/29/12-ribu-bibit-mangrove-ditanam-di-saluran-tambak-jangka-alue-u-bireuen-lanjutan-dari-kuala-jeumpa,Bireuen,Aceh,Kabupaten,Aquaculture Canal Mangrove Planting,,,,,,✓,,,✓
61,Yayasan Bakau Manfaat Universal (BakauMU),https://kiprahagroforestri.id/wp-content/uploads/2025/11/AOC.png,https://www.bakaumu.org/,https://bakaumu.org/projects/detail/SERkdzAzMzMvVUdFelJiZjlxQUdxQT09,Badung,Bali,Kabupaten,Restoration and Rehabilitation Mangrove Ecosystem,✓,,,✓,,✓,,,
62,Yayasan Bakau Manfaat Universal (BakauMU),https://kiprahagroforestri.id/wp-content/uploads/2025/11/bakaumu.png,https://www.bakaumu.org/,https://bakaumu.org/projects/detail/THlwWlFERDZQdll2aE9aY3B5RGpKUT09,Kota Administrasi Jakarta Utara,DKI Jakarta,Kota,Green Belt Program,✓,,,✓,,✓,,,
63,Yayasan Bakau Manfaat Universal (BakauMU),https://kiprahagroforestri.id/wp-content/uploads/2025/11/bakaumu.png,https://www.bakaumu.org/,Pantura Green Belt Program | BakauMU,Semarang,Jawa Tengah,Kabupaten,Pantura Green Belt Program,✓,,,✓,,✓,,,
64,Yayasan Bakau Manfaat Universal (BakauMU),https://kiprahagroforestri.id/wp-content/uploads/2025/11/bakaumu.png,https://www.bakaumu.org/,Lautan Luas Green Belt Program | BakauMU,Tangerang,Banten,Kabupaten,Green Belt Program,✓,,,✓,,✓,,,
65,Yayasan Konservasi Laut Indonesia (YBLI),https://yklindonesia.org/wp-content/uploads/2020/10/LOGO-YKL-INDONESIA_PNG_web.png,https://yklindonesia.org/,https://yklindonesia.org/?s=MANGROVE,Kota Makassar,Sulawesi Selatan,Kota,YKL Mangrove Conservation Program,,,✓,✓,,✓,,,
66,Yayasan CARE Peduli (CARE Indonesia),https://kiprahagroforestri.id/wp-content/uploads/2025/11/Care_Indonesia.png,https://careindonesia.or.id/en/?s=mangrove,https://careindonesia.or.id/id/dinas-kelautan-dan-perikanan-provinsi-sulawesi-utara-dukung-care-indonesia-dan-yayasan-bumi-tangguh-untuk-pemberdayaan-perempuan-dan-perlindungan-ekosistem-mangrove-di-3-desa/,Minahasa Utara,Sulawesi Utara,Kabupaten,Women Empowerment & Mangrove Protection Program,,,,✓,,✓,,,
67,Yayasan Ecology Kepulauan Riau (YEKR),https://kiprahagroforestri.id/wp-content/uploads/2025/11/YER.png,https://www.ecology.or.id/,https://konsepnews.com/2025/05/03/lanal-bintan-dan-yayasan-ecology-kepulauan-riau-lakukan-Penanaman-50-000-pohon-mangrove/,Bintan,Kepulauan Riau,Kabupaten,Bintan Coastal Mangrove Planting Action,,,,✓,,✓,,,
68,Yayasan EcoNusa,https://kiprahagroforestri.id/wp-content/uploads/2025/11/econusa.jpg,https://econusa.id/en/,https://econusa.id/id/ecoblog/mangrove-badge-upaya-mempercepat-pelestarian-mangrove/,Kota Ambon,Maluku,Kota,Mangrove Badge Challenge,✓,,✓,✓,,✓,,,
69,Yayasan EcoNusa,https://kiprahagroforestri.id/wp-content/uploads/2025/11/econusa.jpg,https://econusa.id/en/,https://econusa.id/en/publication/mangrove-expedition-report/,Kaimana,Papua Barat,Kabupaten,Mangrove Expedition,,,✓,,,,✓,,
70,Yayasan EcoNusa,https://kiprahagroforestri.id/wp-content/uploads/2025/11/econusa.jpg,https://econusa.id/en/,https://econusa.id/en/publication/mangrove-expedition-report/,Fak Fak,Papua Barat,Kabupaten,Mangrove Expedition,,,✓,,,,✓,,
71,Yayasan EcoNusa,https://kiprahagroforestri.id/wp-content/uploads/2025/11/econusa.jpg,https://econusa.id/en/,https://econusa.id/en/publication/mangrove-expedition-report/,Teluk Bintuni,Papua Barat,Kabupaten,Mangrove Expedition,,,✓,,,,✓,,
72,Yayasan EcoNusa,https://kiprahagroforestri.id/wp-content/uploads/2025/11/econusa.jpg,https://econusa.id/en/,https://econusa.id/en/publication/mangrove-expedition-report/,Raja Ampat,Papua Barat Daya,Kabupaten,Mangrove Expedition,,,✓,,,,✓,,
73,Yayasan EcoNusa,https://kiprahagroforestri.id/wp-content/uploads/2025/11/econusa.jpg,https://econusa.id/en/,https://econusa.id/en/publication/mangrove-expedition-report/,Sorong Selatan,Papua Barat Daya,Kabupaten,Mangrove Expedition,,,✓,,,,✓,,
74,Yayasan Gambut,https://kiprahagroforestri.id/wp-content/uploads/2025/11/yayasan_gambut.jpg,https://yayasangambut.org/,"https://yayasangambut.org/yayasan-gambut-gec-dan-masyarakat-lokal-bekerjasama-dengan-aramco-untuk-mengatasi-erosi-pantai-di-provinsi-riau-indonesia/;
https://yayasangambut.org/pendekatan-kolaboratif-dalam-pemberdayaan-masyarakat-dan-konservasi-kawasan-pesisir-di-kabupaten-bengkalis/",Bengkalis,Riau,Kabupaten,Riau Coastal Erosion Control Program,,,,✓,,✓,,,
75,Yayasan Geutanyo,https://kiprahagroforestri.id/wp-content/uploads/2025/11/geuntayo.png,https://www.geutanyoe.id/,https://gentalamedia.com/2024/10/30/yayasan-geutanyoe-tanam-25-000-batang-mangrove-di-aceh-timur/,Aceh Timur,Aceh,Kabupaten,East Aceh Mangrove Planting Initiative,,,,✓,,✓,,,
76,Yayasan Jaringan Peduli Masyarakat (JPM),https://kiprahagroforestri.id/wp-content/uploads/2025/11/JPM.png,https://yayasanjpm.com/,https://yayasanjpm.com/program-pemulihan-ekosistem-manggrove-pln-uiw-ntt,Kupang,Nusa Tenggara Timur,Kabupaten,NTT Mangrove Ecosystem Recovery & Entrepreneurship,,,,✓,,✓,,,
77,Yayasan KEHATI,https://kiprahagroforestri.id/wp-content/uploads/2025/11/KEHATI.jpg,https://kehati.or.id/,https://kehati.or.id/kawasan-wisata-lantebung-menjadi-pusat-pembelajaran-rehabilitasi-ekosistem-mangrove/,Kota Makassar,Sulawesi Selatan,Kota,Mangrove Rehabilitation Learning Center at Lantebung Tourism Area,,,✓,✓,✓,✓,✓,,
78,Yayasan KEHATI,https://kiprahagroforestri.id/wp-content/uploads/2025/11/KEHATI.jpg,https://kehati.or.id/,https://mongabay.co.id/2025/08/05/warga-donggala-rehabilitasi-hutan-mangrove-teluk-palu/,Donggala,Sulawesi Tengah,Kabupaten,SOLUSI Program,✓,✓,✓,✓,✓,✓,✓,✓,
79,Yayasan KEHATI,https://kiprahagroforestri.id/wp-content/uploads/2025/11/KEHATI.jpg,https://kehati.or.id/,https://kontekssulawesi.id/2025/07/27/aswini-dimple-buka-aksi-Penanaman-2-000-bibit-mangrove-di-oncone-raya/,Parigi Moutong,Sulawesi Tengah,Kabupaten,SOLUSI Program - Mangrove Rehabilitation at Marina Beach,✓,,✓,✓,✓,✓,✓,,
80,Yayasan KEHATI,https://kiprahagroforestri.id/wp-content/uploads/2025/11/KEHATI.jpg,https://kehati.or.id/,https://ikamat.org/2020/12/19/ikamat-kerjakan-proyek-riset-karbon-mangrove-di-brebes/,Brebes,Jawa Tengah,Kabupaten,Mangrove Carbon Research Project at Pandansari Mangrove Tourism Area,,,✓,✓,✓,✓,✓,,
81,Yayasan KEHATI,https://kiprahagroforestri.id/wp-content/uploads/2025/11/KEHATI.jpg,https://kehati.or.id/,https://www.antaranews.com/berita/2819201/yayasan-kehati-kembangkan-program-konservasi-mangrove-di-banten,Pandeglang,Banten,Kabupaten,Mangrove Blue Carbon Program,,,✓,✓,,✓,✓,,
82,Yayasan Konservasi Alam Nusantara (YKAN),https://kiprahagroforestri.id/wp-content/uploads/2025/11/YKAN.png,https://www.ykan.or.id/id/,"https://www.ykan.or.id/id/publikasi/artikel/siaran-pers/pelatihan-teknis-perlindungan-dan-perbaikan-ekosistem-mangrove/;
https://www.ykan.or.id/id/publikasi/artikel/siaran-pers/perkuat-usaha-perempuan-dan-konservasi-laut/",Berau,Kalimantan Timur,Kabupaten,SOMACORE (Solutions for Marine and Coastal Resilience in the Coral Triangle),✓,,✓,✓,,✓,✓,,✓
83,Yayasan Konservasi Alam Nusantara (YKAN),https://kiprahagroforestri.id/wp-content/uploads/2025/11/YKAN.png,https://www.ykan.or.id/id/,https://www.ykan.or.id/id/publikasi/artikel/siaran-pers/turunkan-laju-kerusakan-mangrove-desa-teluk-pambang-bengkalis/,Bengkalis,Riau,Kabupaten,Nature-based Solutions Mangrove Program in Teluk Pambang Village,✓,,✓,✓,,✓,✓,✓,✓
84,Yayasan Konservasi Alam Nusantara (YKAN),https://kiprahagroforestri.id/wp-content/uploads/2025/11/YKAN.png,https://www.ykan.or.id/id/,https://tahija.or.id/environment/community-based-mangrove-protection-and-restoration-program,Bangka,Kepulauan Bangka Belitung,Kabupaten,Community-Based Mangrove Protection & Restoration,,,,,✓,✓,✓,,✓
85,Yayasan Konservasi Alam Nusantara (YKAN),https://kiprahagroforestri.id/wp-content/uploads/2025/11/YKAN.png,https://www.ykan.or.id/id/,https://tahija.or.id/environment/community-based-mangrove-protection-and-restoration-program,Belitung,Kepulauan Bangka Belitung,Kabupaten,Community-Based Mangrove Protection & Restoration,,,,,✓,✓,✓,,✓
86,Yayasan Konservasi Alam Nusantara (YKAN),https://kiprahagroforestri.id/wp-content/uploads/2025/11/YKAN.png,https://www.ykan.or.id/id/,https://telusuri.id/restorasi-mangrove-di-ogan-komering-ilir/,Ogan Komering Ilir,Sumatera Selatan,Kabupaten,Mangrove Restoration Project,,,,,,✓,,,
87,Yayasan Konservasi Alam Nusantara (YKAN),https://kiprahagroforestri.id/wp-content/uploads/2025/11/YKAN.png,https://www.ykan.or.id/id/,https://www.ykan.or.id/id/publikasi/artikel/perspektif/restorasi-kerusakan-mangrove/,Kutai Kartanegara,Kalimantan Timur,Kabupaten,Mangrove Restoration Project,,,,,,✓,,,
88,Yayasan Konservasi Pesisir Indonesia (Yakopi),https://kiprahagroforestri.id/wp-content/uploads/2025/11/yakopi.jpeg,https://www.yakopi.org/,https://www.yakopi.org/yakopi-and-aceh-singkil-government-partner-for-coastal-ecosystem-restoration/; https://aceh.wartapolri.com/2023/09/24/yakopi-gelar-konsultasi-publik-mengenai-teknis-restorasi-mangrove/,Aceh Singkil,Aceh,Kabupaten,Aceh Singkil Coastal Ecosystem Restoration Partnership,,,,✓,,✓,,✓,
89,Yayasan Konservasi Pesisir Indonesia (Yakopi),https://kiprahagroforestri.id/wp-content/uploads/2025/11/yakopi.jpeg,https://www.yakopi.org/,https://www.researchgate.net/publication/385715119_Community_Participation_in_Mangrove_Conservation_the_Evidence_from_Blang_Sebel_Simeulue,Simeulue,Aceh,Kabupaten,Community Participation in Mangrove Conservation Study,,,,✓,,,✓,,
90,Yayasan Konservasi Pesisir Indonesia (Yakopi),https://kiprahagroforestri.id/wp-content/uploads/2025/11/yakopi.jpeg,https://www.yakopi.org/,https://batubarapos.com/batubara/batu-bara-siap-jadi-paru-paru-dunia-mangrove-culture-festival-2025-guncang-pantai-sejarah/,Batu Bara,Sumatera Utara,Kabupaten,Mangrove Culture Festival 2025,✓,,✓,,✓,,,,
91,Yayasan Mangrove Indonesia Lestari,https://kiprahagroforestri.id/wp-content/uploads/2025/11/yayasan_mangrove_indonesia_lestari_logo.jpg,https://mangrovejakarta.id/,https://www.goodnewsfromindonesia.id/2025/02/28/kegiatan-menanam-ratusan-pohon-bakau-oleh-mangrove-jakarta-community-dalam-rangka-hari-sampah-sedunia,Tangerang,Banten,Kabupaten,Jakarta Mangrove Community World Waste Day,,✓,,✓,,✓,,,
92,Yayasan Mangrove Sosial Indonesia (YSMI),https://mangroveindonesia.or.id/wp-content/uploads/2024/04/logo-2024-baru.png,https://mangroveindonesia.or.id/our-project/,https://greenindonesia.co/seram-maluku-tanam-kembali-mangrove-yang-rusak/,Seram Bagian Timur,Maluku,Kabupaten,Seram-Maluku Damaged Mangrove Replanting,,,,✓,,✓,,,
93,Yayasan Parapuar Lingko Nusantara,https://kiprahagroforestri.id/wp-content/uploads/2025/11/ypln.png,https://www.ypln.or.id/,https://www.ypln.or.id/?page_id=286,Manggarai Barat,Nusa Tenggara Timur,Kabupaten,Mangrove Guardian Program,,,✓,✓,,✓,,,
94,Yayasan Penyu Berau (YPB),https://kiprahagroforestri.id/wp-content/uploads/2025/11/ypln.png,https://yayasanpenyuberau.org/,"https://yayasanpenyuberau.org/2021/05/17/ypb-dan-tfca-kalimantan-bermitra-dalam-program-pengelolaan-kawasan-hutan-mangrove-di-kampung-tembudan/;
https://yayasanpenyuberau.org/project-details/",Berau,Kalimantan Timur,Kabupaten,Mangrove Forest Management,,,,✓,,✓,,✓,
95,Yayasan Pesisir Lestari,https://kiprahagroforestri.id/wp-content/uploads/2025/11/pesisir_lestari.png,https://www.pesisirlestari.org/,https://blue-forests.org/id/adaptasi-perubahan-iklim-dengan-mata-pencaharian-baru-dan-rehabilitasi-mangrove-pembelajaran-dari-pesisir-indragiri-hilir/ruang-berita/cerita-dari-lapangan/,Indragiri Hilir,Riau,Kabupaten,Climate Adaptation with New Livelihoods & Mangrove Rehab,,,,,,,,,
96,Yayasan Rumah Bahari Gemilang (Rubalang),https://kiprahagroforestri.id/wp-content/uploads/2025/11/yayasan_rumah_bahari_gemilang_rubalang_logo.jpg,https://rubalang.or.id/,https://rindang.id/2024/06/09/rubalang-dan-arkom-inisiasi-Penanaman-mangrove-di-pulau-pangalasiang/,Donggala,Sulawesi Tengah,Kabupaten,Pangalasiang Island Mangrove Planting Initiative,,,,✓,,✓,,,
97,Yayasan WWF Indonesia,https://kiprahagroforestri.id/wp-content/uploads/2025/11/wwf.png,https://www.wwf.id/id/search?combine=mangrove,https://www.wwf.id/en/blog/1000-mangrove-concrete-step-preserve-ecosystem,Manggarai Barat,Nusa Tenggara Timur,Kabupaten,1000 Mangroves: Ecosystem Preservation Initiative,,,,✓,,✓,,,
98,CIFOR-ICRAF,https://kiprahagroforestri.id/wp-content/uploads/2025/11/cifor_icraf.jpg,https://www.cifor-icraf.org/,https://www.cifor-icraf.org/community-business-mangrove/,Banyuasin,Sumatera Selatan,Kabupaten,"Mangrove Restoration in Banyuasin Regency, South Sumatra (SMART",,,,✓,,✓,✓,✓,✓
99,CIFOR-ICRAF,https://kiprahagroforestri.id/wp-content/uploads/2025/11/cifor_icraf.jpg,https://www.cifor-icraf.org/,https://www.cifor-icraf.org/project/8a7329f1dbd244d67f2508dc378cc914/,Badung,Bali,Kabupaten,Evaluation of biodiversity and carbon sink capacity in mangrove forests,,,,,,,✓,,
100,CIFOR-ICRAF,https://kiprahagroforestri.id/wp-content/uploads/2025/11/cifor_icraf.jpg,https://www.cifor-icraf.org/,https://www.cifor-icraf.org/project/dc927bf447024492a201f3ddf2712df8/,Serang,Banten,Kabupaten,Restoring Coastal Landscape for Adaptation Integrated Mitigation (ReCLAIM),,,,✓,,,✓,,
101,CIFOR-ICRAF,https://kiprahagroforestri.id/wp-content/uploads/2025/11/cifor_icraf.jpg,https://www.cifor-icraf.org/,https://www.cifor-icraf.org/project/dc927bf447024492a201f3ddf2712df8/,Banyuwangi,Jawa Timur,Kabupaten,Restoring Coastal Landscape for Adaptation Integrated Mitigation (ReCLAIM),,,,✓,,,✓,,
102,CIFOR-ICRAF,https://kiprahagroforestri.id/wp-content/uploads/2025/11/cifor_icraf.jpg,https://www.cifor-icraf.org/,https://www.cifor-icraf.org/project/dc927bf447024492a201f3ddf2712df8/,Demak,Jawa Tengah,Kabupaten,Restoring Coastal Landscape for Adaptation Integrated Mitigation (ReCLAIM),,,,✓,,,✓,,
103,CIFOR-ICRAF,https://kiprahagroforestri.id/wp-content/uploads/2025/11/cifor_icraf.jpg,https://www.cifor-icraf.org/,,Katingan,Kalimantan Tengah,Kabupaten,SWAM,,,,✓,,,✓,✓,
104,CIFOR-ICRAF,https://kiprahagroforestri.id/wp-content/uploads/2025/11/cifor_icraf.jpg,https://www.cifor-icraf.org/,,Langkat,Sumatera Utara,Kabupaten,SWAM,,,,✓,,,✓,✓,
105,CIFOR-ICRAF,https://kiprahagroforestri.id/wp-content/uploads/2025/11/cifor_icraf.jpg,https://www.cifor-icraf.org/,,Kubu Raya,Kalimantan Barat,Kabupaten,SWAM,,,,✓,,,✓,✓,
106,CIFOR-ICRAF,https://kiprahagroforestri.id/wp-content/uploads/2025/11/cifor_icraf.jpg,https://www.cifor-icraf.org/,,Bengkalis,Riau,Kabupaten,SWAM,,,,✓,,,✓,✓,
107,CIFOR-ICRAF,https://kiprahagroforestri.id/wp-content/uploads/2025/11/cifor_icraf.jpg,https://www.cifor-icraf.org/,,Teluk Bintuni,Papua Barat,Kabupaten,SWAM,,,,✓,,,✓,✓,
108,CIFOR-ICRAF,https://kiprahagroforestri.id/wp-content/uploads/2025/11/cifor_icraf.jpg,https://www.cifor-icraf.org/,,Kotawaringin Barat,Kalimantan Tengah,Kabupaten,SWAM,,,,✓,,,✓,✓,
109,CIFOR-ICRAF,https://kiprahagroforestri.id/wp-content/uploads/2025/11/cifor_icraf.jpg,https://www.cifor-icraf.org/,,Serang,Banten,Kabupaten,Research on the Coupling Process and Driving Mechanisms of Biodiversity and Blue Carbon Function in Mangrove Ecosystems,,,,,,,✓,,
110,CIFOR-ICRAF,https://kiprahagroforestri.id/wp-content/uploads/2025/11/cifor_icraf.jpg,https://www.cifor-icraf.org/,,Banyuwangi,Jawa Timur,Kabupaten,Research on the Coupling Process and Driving Mechanisms of Biodiversity and Blue Carbon Function in Mangrove Ecosystems,,,,,,,✓,,
111,CIFOR-ICRAF,https://kiprahagroforestri.id/wp-content/uploads/2025/11/cifor_icraf.jpg,https://www.cifor-icraf.org/,,Demak,Jawa Tengah,Kabupaten,Research on the Coupling Process and Driving Mechanisms of Biodiversity and Blue Carbon Function in Mangrove Ecosystems,,,,,,,✓,,
112,CIFOR-ICRAF,https://kiprahagroforestri.id/wp-content/uploads/2025/11/cifor_icraf.jpg,https://www.cifor-icraf.org/,https://www.cifor-icraf.org/project/f118af15ea4746bbd41908dd136c2045/,Kota Administrasi Jakarta Utara,DKI Jakarta,Kota,Advancing Demonstration in Mangrove-based Adaptation to Foster Stakeholder Participation in Climate Change Agenda (ADAPT,,,,,,,✓,✓,
113,CIFOR-ICRAF,https://kiprahagroforestri.id/wp-content/uploads/2025/11/cifor_icraf.jpg,https://www.cifor-icraf.org/,,Banyuwangi,Jawa Timur,Kabupaten,E-BLUE,,,✓,,,,✓,,
114,CIFOR-ICRAF,https://kiprahagroforestri.id/wp-content/uploads/2025/11/cifor_icraf.jpg,https://www.cifor-icraf.org/,,Banyuasin,Sumatera Selatan,Kabupaten,E-BLUE,,,✓,,,,✓,,
